Lynch,Leo,10A
Garcia,Nathan,9C
Torres,Mollie,9B
Richards,Cody,4D
Rodriguez,Daid,7C
Green,Elliot,5A
Patel,Rhys,12B
Sanders,Isabella,3D
O'Neill,Alisha,2A
Garcia,William,1C
Paterson,Alice,6B
Harris,Ethan,8A
Green,Ellis,2D
Macdonald,Lola,11A
Johnson,Maddison,1B
Torres,Elliot,6A
Ward,Kyle,3A
Scott,Eve,8C
Foster,Christopher,12A
Thompson,Chloe,8B
Gagnon,Lacey,2D
Rogers,Eva,12B
Reed,Alice,2A
Lewis,Ryan,5A
Gray,Leah,4D
Alexander,Oscar,4D
Reyes,Tilly,9B
Morris,Harvey,4A
Gagnon,Victoria,8B
Hughes,Evie,10B
Paterson,Emma,8A
Garcia,Harry,9C
Roberts,Mohammed,8A
Miller,Rosie,3B
Gonzalez,Joseph,4D
Parker,Ruby,11B
Young,Isabelle,10A
Brown,Sienna,12A
Price,Jayden,7B
Asif,Owen,6C
Davies,Faith,6A
Clarke,Megan,8C
Harris,Billy,10B
O'Reilly,Bradley,12A
Harris,Connie,12B
Lynch,Finn,5C
Morris,Finn,9A
Quinn,Rachel,1C
Patel,Laura,4C
Barnes,Tom,6A
Gomez,Madeleine,11A
Johnson,Riley,1D
Brown,Reece,5C
Walker,Joel,12B
Lopez,Eleanor,12A
Alexander,Luke,11B
Long,Alice,8A
Johnson,Leon,11B
Reid,Erin,6B
Sanchez,Francesca,6C
Lam,Conner,10A
Thompson,Imogen,6C
Sanchez,Ellie,12B
Bennett,Libby,12A
Diaz,Layla,9C
Thomson,Matilda,11A
Sanchez,Jay,1A
James,Lewis,2A
Young,Charlotte,8B
Hughes,Cody,12A
Sanders,James,8A
Reid,Geogia,2B
White,Matilda,12B
Davies,George,5B
Lee,Paige,7B
Turner,Emma,3B
Long,Jay,10B
Hughes,Adam,8A
Price,Skye,11B
James,Reuben,3C
Gray,Nathan,8C
Gutierrez,Isabella,3D
Mccarthy,Gracie,2D
Nelson,Eleanor,5A
Robertson,Rhys,2A
Lewis,Gabriel,9C
Lopez,Ethan,5C
Doyle,Max,4C
Anderson,Zara,8C
Russell,Rachel,2D
Ward,Leah,11A
Allen,Evie,5C
Wilson,Ashton,2D
Scott,Jay,5B
Anderson,Alex,6A
Parker,Matthew,3D
O'Brien,Victoria,5B
Powell,Lucy,10B
Macdonald,Mason,7C
Miller,Max,8A
Moore,Theo,2A
Byrne,Jasmin,12B
Richardson,Louis,2D
Sanders,Aaron,1A
Gagnon,Maisie,1A
Reid,Ruby,11A
Byrne,Charles,12A
Gomez,Cody,5A
Hernandez,Amber,11A
Moore,Eve,7B
White,Matthew,10B
Jones,Owen,3C
White,Hayden,7A
Macdonald,Sarah,6B
Griffiths,Tom,10B
Sanders,Phoebe,9B
Brown,Taylor,4B
Lee,Leon,7A
O'Neill,Hannah,5A
Foster,Logan,6C
Garcia,Jude,1C
Quinn,Isaac,5C
Ross,Zara,1D
Lynch,Katie,2D
Campbell,Matilda,3B
Gagnon,Jayden,6C
Flores,Bradley,10B
Brown,Bethany,6A
Powell,Andrew,9C
Campbell,Josh,4B
Burnell,Madeleine,8B
Griffiths,Summer,1D
Sanchez,Morgan,2D
Anderson,Oscar,4A
Paterson,James,2C
Lopez,Adam,8A
Ramirez,Heidi,6B
Gonzalez,Rose,12A
Gonzalez,Ruby,6C
Burnell,Daisy,1C
Jackson,Daid,6C
Chan,Darcy,1D
Lynch,Freya,5C
Harris,Joe,5B
Campbell,Michael,5C
Parker,Adam,9B
Allen,Cody,8A
Chan,Connor,11B
O'Brien,Poppy,5A
Owen,Eleanor,2B
Parker,Archie,6A
Ramirez,Sara,11A
Torres,Ashton,1B
Campbell,Lexi,1D
Ward,Isabelle,4A
James,Alisha,4C
Lee,Harry,1B
Gonzalez,Joseph,1D
Doherty,Harrison,4A
Lynch,Evie,5A
Barnes,Hayden,8A
Walker,Billy,5A
White,Leah,7C
Wilson,Sean,8B
Garcia,Conner,2C
Turner,Martha,12A
Nelson,Ethan,5C
Gagnon,Mohammed,9C
Griffiths,Ruby,6C
Walker,Jamie,6B
Alexander,Luca,12A
Thomson,Jacob,10A
Lopez,Mia,4B
White,Rosie,4A
Howard,Chloe,6C
O'Neill,Rosie,8C
Foster,Luke,12B
Foster,Brooke,4B
O'Brien,Lacey,7B
Sanchez,Robert,8B
Robertson,Maddison,1B
Parker,Caitlin,1B
Li,Eloise,11A
Lynch,Zoe,8B
Walker,Laura,6B
Flores,Theo,3C
Walker,Cody,6A
Paterson,Matilda,9C
Asif,Evie,6C
Brown,Charles,11B
Morales,Matthew,7A
Miller,Scarlett,2A
Chan,Isla,2A
Hill,Finlay,7B
Gray,Oliver,12A
Ramirez,Bethany,10A
O'Connor,Oliver,8C
Rees,Heidi,1D
Asif,Ethan,8C
Jones,Jamie,11B
Jenkins,Isaac,6C
Hall,Callum,7B
Ortiz,Henry,6C
O'Neill,Elizabeth,12B
Davies,Bradley,12B
Rees,Matthew,5C
Ross,Finley,1D
Anderson,Brandon,8A
Howard,Ruby,2B
Johnson,Joseph,4A
Richardson,Lilly,6B
Harris,Jack,5B
Paterson,Eve,4D
Ross,Tilly,6C
Barnes,Natasha,11B
Clarke,Amelie,7C
Khan,Brandon,6B
Morris,Adam,12B
Thomson,Jayden,9A
Stewart,Emily,10B
Reed,Evie,7C
Myers,Isabella,12B
Scott,Megan,4D
Nelson,Ava,5A
Hughes,Issac,8C
Bell,Mohammad,3A
Wilson,Theo,4A
Johnson,Rose,10B
Hall,Jacob,6C
Rose,Bethany,11B
Clarke,Freddie,3B
Bailey,Mollie,2B
Burnell,Caitlin,10B
Mccarthy,Laura,1D
Green,Noah,12A
Rees,Zak,10B
Mason,Darcy,1C
Campbell,Lara,6A
Collins,Mia,6A
Robertson,Olivia,10B
Reed,Erin,12B
Macdonald,Geogia,2B
Kelly,Luca,1A
Reed,Laura,5A
Parker,Eleanor,12A
Perez,Harriet,2D
Lewis,Daniel,2D
Baker,Issac,9A
O'Neill,Joshua,12A
Parker,William,12B
Nelson,Victoria,6B
Sanders,Bradley,2B
Jones,Oliver,4A
Thompson,Abbie,6C
Ward,Louie,6B
Macdonald,Mia,2A
Reid,Abbie,7A
Rees,Hayden,12A
Asif,Oliver,2D
Patel,Joseph,4A
Clarke,Caitlin,6A
Jenkins,Muhammad,3A
Foster,Toby,7A
Howard,Ava,2A
Lynch,Toby,11A
Barnes,Lilly,12A
Perez,Ethan,10B
Perez,Brooke,12B
Foster,Tyler,8B
Long,Ethan,7C
Cooper,Christopher,7B
Scott,Madison,11A
Ramirez,Lexie,7A
Young,Elizabeth,10A
Allen,Hayden,8C
Morrison,Henry,1C
Miller,Amelia,4A
Carter,Victoria,10A
Perez,Madeleine,5A
Hughes,Leo,7C
Williams,James,4C
Lynch,Lola,2D
Green,Megan,3C
Green,Lara,8B
James,Demi,6A
Ramirez,Sophie,11B
Allen,Daisy,12A
Quinn,Sarah,1B
Reed,Harry,3C
White,Kai,11B
Brown,Eve,9B
Ortiz,Zachary,11B
Lewis,Eva,4B
Wright,Mohammad,9C
Thomson,Isabella,9B
Ward,Finley,1D
Ortiz,Toby,5C
Garcia,Emma,12B
Rodriguez,Harrison,1B
Allen,Paige,3B
Harris,Noah,12A
Ali,Paige,5B
Young,Issac,11A
Flores,Dominic,12A
Robinson,Layla,5A
Gallagher,Max,10A
Ramirez,Liam,12B
Reid,Harley,4D
Chan,Michael,10B
James,Corey,11B
Morris,Alicia,12B
Sanders,Josh,5B
Ramirez,Ava,11B
Brown,Leon,3A
Morales,Toby,7A
Price,Sofia,5B
Ortiz,Nathan,9B
Wright,Jasmine,6A
Martin,Sam,8B
Perez,Alisha,3D
Alexander,Brandon,12B
Price,Hayden,4A
Moore,Rebecca,4B
Jenkins,Edward,4D
Lopez,Leo,7C
Bailey,Rebecca,8C
Patel,Daisy,1A
Foster,Charlotte,6B
Hill,Blake,7A
Perez,Victoria,2B
Burnell,Maya,1A
Chan,Lauren,3C
Miller,Martha,8B
Allen,Georgia,4C
Lewis,Ryan,3C
Howard,Tyler,7C
Gagnon,Brandon,8A
Khan,Keira,6C
Reed,Imogen,5B
Rivera,Oscar,11A
Torres,Kian,8B
Myers,James,4B
Collins,Madeleine,2A
Torres,Sean,3D
Hughes,Bethany,10B
Burnell,Shannon,8C
Quinn,Samuel,5B
Thomson,Isabel,11A
White,Mollie,8A
Garcia,Maddison,3D
Robertson,Jake,11A
Harris,Bradley,3A
Hall,Sara,8A
Price,Lbby,11A
Rees,Liam,1B
Gagnon,Edward,6C
Sullivan,Ellis,2C
Garcia,Madison,8A
Myers,Finn,5A
Rivera,Martha,2C
Kelly,Sophie,9B
Byrne,Daid,7B
Robertson,Josh,8A
O'Connor,Billy,5C
Walsh,Owen,6C
Scott,Daid,9A
Taylor,Morgan,2B
Alexander,Amelie,4B
Perez,Jake,1B
Clark,Poppy,12A
Clarke,Ryan,4A
Ramirez,Libby,11A
Parker,Maddison,6C
Ortiz,Rachel,1C
Patel,Grace,8A
Price,Jamie,12A
Rees,Jack,7B
Davies,Lola,5C
Griffiths,Aaron,12B
Patel,Isaac,4C
Walker,Hollie,2D
Price,Gracie,3A
Perry,Ella,11A
Perry,Paige,1B
Doherty,Chloe,9A
Nelson,Faith,3A
Sanchez,Anna,10A
O'Reilly,Madeleine,7A
O'Brien,Conner,2C
Robertson,Brandon,5B
Brown,Daid,7B
Sanders,Sarah,6C
Fisher,Millie,11A
Alexander,Caitlin,7C
Murphy,Josh,3A
Harris,Eleanor,1B
Reed,Louis,10B
O'Brien,Rhys,6C
Murray,Madeleine,10B
Moore,Alfie,11B
Ryan,Niamh,12B
Lee,Josh,11A
Collins,Bradley,9C
Bailey,Henry,6C
Lewis,Cameron,1D
Quinn,Rebecca,3C
Wright,Aidan,9A
Thomson,Alisha,9A
Kelly,Niamh,8A
Moore,Kieran,5C
Butler,Morgan,3A
Ortiz,Logan,3C
Roberts,Jude,6C
Patel,Scarlett,10B
Moore,Bailey,10A
Davies,Alex,9C
Byrne,Henry,5A
Thomson,Freya,1B
Bailey,Paige,10A
Reed,Samuel,9A
Walsh,Billy,7B
Young,Lucas,7A
Moore,Leon,2C
Mccullum,Victoria,12A
Jenkins,Oliver,1A
Allen,Josh,3B
Miller,Finley,3D
Peterson,Natasha,6A
Jones,Rose,3A
Robertson,Joshua,7C
Murphy,Sofia,10B
Carter,Lily,11B
Bailey,Libby,9C
Gray,Reece,8C
Richardson,Ethan,7C
Collins,Kai,7B
Davis,Daisy,8C
Gray,Ellis,3A
Gallagher,Chloe,4D
Cooper,Thomas,10B
Perez,Sebastian,4A
Garcia,Archie,9A
Gomez,Alexander,6B
Asif,Hollie,11B
Clarke,Caitlin,5B
Reed,Jasmine,11B
Howard,Muhammad,9C
Gallagher,Lily,3D
Gonzalez,Luke,1A
Robertson,Daisy,7B
Sanchez,Hannah,12A
Jones,Connor,1B
O'Connor,Eloise,9A
Alexander,Jude,1D
Nelson,Frederick,9B
Morris,Ellie,2C
Martin,Ethan,12B
Lewis,Sophia,9C
Lee,Frederick,7B
Smith,Reuben,9B
Parker,Gracie,7A
Chan,Jack,7B
Nguyen,Luke,11B
Scott,Zara,12A
Gray,Reece,7B
Long,Harriet,5A
Allen,Georgia,8C
Lopez,Ben,9A
Anderson,Nicole,10B
Ward,Niamh,4A
Miller,Lexie,2B
Price,Joshua,7C
Quinn,Jasmin,5B
Paterson,Demi,3B
Cox,Olivia,3A
Gagnon,Lara,3C
Tremblay,Anna,10A
Martin,Molly,7A
Walker,Alisha,10B
Ortiz,Christopher,2D
Richardson,Noah,2D
Price,Connie,1C
Foster,Sarah,10B
Doyle,Finlay,2C
Byrne,Sofia,3A
Burnell,Eloise,1A
Hughes,Lexi,12A
Ortiz,Summer,4B
Long,Muhammad,8C
Parker,Bailey,10B
Hall,Archie,6B
Wright,Paige,1C
Scott,Matilda,3A
Garcia,Alice,8A
Flores,Imogen,10A
Howard,Luke,10B
Howard,Zoe,10B
Chan,Lauren,7B
Gonzalez,Nicole,10A
Alexander,Cody,1C
Chan,Lily,11A
Green,Eleanor,3B
Butler,Molly,5C
Perez,Natasha,9C
James,Frederick,7B
Perez,Isobel,12A
Hall,Harvey,3C
Green,Josh,9B
Johnson,Zoe,1D
Thomson,Amber,9A
Hill,Tia,2D
Young,Noah,9C
Nguyen,Isaac,2B
Doyle,Conner,4B
Collins,Finlay,4C
Rodriguez,Mollie,5A
Murphy,Finley,11A
Phillips,Eva,11B
Howard,Maria,6C
Davis,Luca,2A
Doherty,Ella,12B
Anderson,Jamie,9B
Macdonald,Eleanor,5A
Davies,Taylor,3D
Miller,Zoe,3B
Byrne,Isabelle,2C
Rose,Eloise,2A
Powell,Cody,8B
Young,Freddie,10A
Paterson,Oliver,3A
Green,Hayden,11A
Powell,Aidan,9A
O'Sullivan,Ryan,1D
Nelson,Mohammed,4D
Jenkins,Charlie,12A
Cruz,Shannon,8A
Reed,Sebastian,5B
Perry,Alexandra,5A
Sanchez,Jessica,11A
Campbell,Summer,9A
Carter,Josh,6B
Jackson,Katie,9C
Gomez,Reece,7B
Harris,Georgia,7A
White,Zak,7B
Sanchez,Francesca,5C
Johnson,Charlie,8B
Russell,Jake,8B
Foster,Jake,11B
Burnell,Sienna,1C
Hughes,Noah,12B
Perez,Logan,6B
Robertson,Tilly,2C
Kelly,Rachel,4D
Byrne,Harvey,3C
Butler,Louis,6A
Rogers,Ryan,3D
Sanchez,Millie,3B
Doherty,Madison,5B
Evans,Zak,11A
Howard,Ruby,11B
Wilson,Isobel,1C
Johnson,Kai,1A
Torres,Joshua,7C
Mccarthy,Rosie,12B
Davies,Harrison,7B
Hughes,Rachel,9B
Doyle,Joe,7A
Morris,Ryan,4D
Gomez,Louie,5A
Brooks,Bradley,5C
Perry,David,1C
Ryan,Louis,11B
Myers,Jayden,2D
Collins,Luca,9A
Chan,Evie,2B
O'Brien,Hollie,9C
Lopez,Dominic,8B
Hill,Alice,12A
Clarke,Jessica,8A
Rees,Aidan,9A
Parker,Olivia,6C
James,Nathan,11B
Lynch,Eva,9C
Lopez,Lucy,9C
Russell,Harriet,4B
Jones,Zara,10B
Macdonald,Bailey,1B
Mitchell,Maria,10B
Sanders,Rachel,2B
Miller,Riley,5A
Gomez,David,7C
Miller,Megan,9A
Carter,Josh,9C
Brown,Cody,8C
Gomez,Emma,9A
Li,Isabelle,12B
Thompson,Keira,7C
Lopez,Joseph,5C
Mccarthy,Summer,9B
Johnson,Evelyn,3A
Nelson,Ella,2D
James,Oscar,10A
Campbell,Amelia,1B
Lewis,Taylor,8C
Johnson,Joe,4C
Owen,Ethan,7A
Collins,Tyler,6A
Gray,Scarlet,8A
Sullivan,Christopher,3C
Quinn,Finlay,12A
Harris,Layla,1B
Martinez,Kai,8A
Flores,Hollie,2B
Diaz,Eva,3D
Allen,Charlotte,2B
Collins,Evan,9B
Wood,Robert,12B
Morris,Mia,4B
Hernandez,Sophia,7A
Murphy,Jamie,10A
Robertson,Madison,12A
Perez,Billy,2B
Walsh,Mason,12A
Hall,Ella,8A
White,Olivia,5C
Campbell,Sam,3A
Hughes,Tyler,1A
Bailey,Laura,5A
Butler,Eva,7B
Foster,Dominic,3B
Chan,Nathan,8C
Ramirez,Harry,3A
Morris,Holly,4D
Barnes,Isabel,8B
Roy,Archie,11A
Sanchez,Sean,2C
Ramirez,Rosie,4B
Bailey,Leon,9C
Cote,Leo,4D
Miller,Ava,5C
Green,Evelyn,8A
Scott,Summer,8C
Macdonald,Lola,11B
Lynch,Isaac,11B
Parker,Demi,11A
Lee,Mollie,9A
Collins,Matilda,9A
Adams,Ellie,3A
Macdonald,Louie,9A
Johnson,Benjamin,9A
White,Natasha,7A
Macdonald,Eva,9B
Lewis,Hayden,4A
Lee,Noah,10A
Campbell,Isabella,6C
Hughes,Finlay,11B
Tremblay,Demi,1B
Thomas,Oscar,2A
Clarke,Sara,9C
Lopez,Layla,7B
Johnson,Samuel,1C
Paterson,Leah,7A
Rodriguez,Aidan,11B
Ortiz,Libby,8B
Long,Paige,10A
White,Emily,6C
Robertson,Isabelle,10A
Young,Maddison,7A
Lee,Ellis,3C
Lee,Laura,10A
Bell,Poppy,12A
Clarke,Sienna,7A
Byrne,Lilly,9A
Reid,Evie,11B
Hernandez,Archie,5B
Ortiz,Keira,10A
Mccarthy,Kieran,1D
Bennett,Rosie,3B
Flores,Rhys,1C
Robertson,Ella,2D
Ward,Jake,9C
Alexander,Faith,9A
Lynch,Jacob,7A
Ramirez,Rosie,9C
Wilson,Joe,5B
Morris,Finn,7C
Doyle,John,6C
Thomson,Oscar,10A
Long,David,1A
O'Reilly,Zac,6B
James,Muhammad,12A
Hill,Eloise,8B
Young,Molly,10A
Davies,Lilly,4A
Gallagher,Victoria,6C
Howard,Libby,9C
Nguyen,Emily,7B
Scott,Evelyn,11A
Kennedy,Nathan,5B
White,Joseph,1B
Morgan,Matthew,9C
Williams,Reece,5B
Bailey,Kyle,4D
Hughes,William,8C
Rees,Mollie,4D
Morgan,Joshua,8B
Lee,Reece,6A
Russell,Caitlin,11A
Cook,Evelyn,8B
Flores,Maisie,5A
Reid,Charles,4A
Butler,Paige,7C
Kelly,Darcy,9B
Cook,Phoebe,5C
Jenkins,Isla,8A
Clarke,Charles,10B
Kelly,Louie,5B
Scott,Gabriel,6C
Garcia,Dominic,1B
Reed,Lexie,1B
Long,Amelia,4B
Edwards,Lewis,4D
Nelson,Aidan,10B
Turner,Ewan,2B
Garcia,Liam,11B
Jenkins,Mia,11A
Anderson,Harriet,1A
Gray,Finlay,3A
Chan,Sarah,8A
Reid,Archie,1C
Doherty,Reece,4A
Wright,Zak,10B
Collins,Ashton,8A
Hall,Frederick,7B
Davies,Mollie,4B
Collins,Rose,2A
Powell,Zak,1C
Gonzalez,Alice,1D
Paterson,Zoe,9C
Jenkins,Layla,9B
Carter,Grace,5B
Kelly,Lucas,11B
Paterson,Ellie,11A
Hall,Rosie,5B
Miller,Conner,11A
Bailey,Adam,2A
Davies,Erin,9B
Jones,Maddison,12B
Carter,Grace,6A
James,Holly,5B
King,Tyler,4B
Lewis,Scarlet,5B
Asif,Issac,4A
Reyes,Darcy,1D
Doherty,Evie,7B
Butler,Rebecca,4C
Sanders,Freya,5B
Scott,Riley,5B
Wright,Anna,8C
Watson,Muhammad,7C
Rees,Ashton,10A
Martin,Noah,10A
Thomson,Aidan,3C
Johnstone,Harry,6B
Ramirez,Abigail,3B
Gagnon,Archie,4D
O'Neill,Ryan,11A
Paterson,Shannon,7A
Price,Joe,6A
Carter,Lauren,3C
Bailey,Sofia,9B
Hernandez,Lacey,11B
Johnstone,David,7C
Wright,Jacob,3B
